{"loss": 0.16795961558818817, "_timestamp": 1715332879.707755, "_runtime": 3109.6036632061005, "_step": 199, "psnr": 7.918684959411621, "_wandb": {"runtime": 3120}}