{"loss": 0.21558773517608643, "_timestamp": 1714628156.4511118, "_runtime": 7.600147724151611, "_step": 1, "psnr": 9.685495376586914, "_wandb": {"runtime": 244}}