{"loss": 0.113408662378788, "_timestamp": 1715336032.5851908, "_runtime": 3133.6837828159332, "_step": 199, "psnr": 9.629838943481445, "_wandb": {"runtime": 3144}}