{"loss": 0.12088149040937424, "_timestamp": 1715314013.491531, "_runtime": 3131.4047889709473, "_step": 199, "psnr": 24.04852294921875, "_wandb": {"runtime": 3142}}