{"loss": 0.2152702361345291, "_timestamp": 1714595004.4521112, "_runtime": 6.621470212936401, "_step": 1, "psnr": 9.731719017028809, "_wandb": {"runtime": 17}}