{"loss": 0.5227675437927246, "_timestamp": 1714628417.3454993, "_runtime": 8.17651629447937, "_step": 1, "psnr": 3.903987169265747, "_wandb": {"runtime": 130}}