{"loss": 0.21566897630691528, "_timestamp": 1714594953.466634, "_runtime": 7.260746955871582, "_step": 1, "psnr": 9.82705020904541, "_wandb": {"runtime": 18}}