{"loss": 0.00031105594825930893, "_timestamp": 1715326938.670996, "_runtime": 249.4739580154419, "_step": 19999, "lr": 0.0001, "_wandb": {"runtime": 308}}