{"loss": 0.00018081128655467182, "_timestamp": 1715328313.2514987, "_runtime": 361.4266617298126, "_step": 19999, "lr": 0.001, "_wandb": {"runtime": 414}}