{"loss": 0.00031005474738776684, "_timestamp": 1715331068.5159056, "_runtime": 379.80614161491394, "_step": 19999, "lr": 0.0001, "_wandb": {"runtime": 439}}