{"loss": 0.31387388706207275, "_timestamp": 1714628128.362209, "_runtime": 318.7288291454315, "_step": 3, "psnr": 8.012813568115234, "_wandb": {"runtime": 328}}