{"loss": 0.08857901394367218, "_timestamp": 1715358054.6322715, "_runtime": 3131.425458431244, "_step": 199, "psnr": 24.48664093017578, "_wandb": {"runtime": 3142}}