{"loss": 0.0003095315187238157, "_timestamp": 1715329179.3020072, "_runtime": 381.36418414115906, "_step": 19999, "lr": 0.0001, "_wandb": {"runtime": 441}}