{"loss": 0.22924570739269257, "_timestamp": 1714629609.8078814, "_runtime": 8.175840377807617, "_step": 1, "psnr": 9.402318954467773, "_wandb": {"runtime": 39}}