{"loss": 0.037272244691848755, "_timestamp": 1714695283.5701227, "_runtime": 13.55541181564331, "_step": 199, "lr": 0.0001, "_wandb": {"runtime": 314}}