{"loss": 0.03683752566576004, "_timestamp": 1714695928.7241209, "_runtime": 10.19402289390564, "_step": 199, "lr": 5e-05, "_wandb": {"runtime": 310}}