{"loss": 0.14344114065170288, "_timestamp": 1715310858.3093085, "_runtime": 3148.5335655212402, "_step": 199, "psnr": 23.33133316040039, "_wandb": {"runtime": 3159}}