{"loss": 0.0003108893579337746, "_timestamp": 1715327383.7541065, "_runtime": 377.06481647491455, "_step": 19999, "lr": 0.0001, "_wandb": {"runtime": 436}}