{"loss": 0.19622859358787537, "_timestamp": 1714606103.166783, "_runtime": 582.4424390792847, "_step": 9, "psnr": 10.13723373413086, "_wandb": {"runtime": 733}}