{"loss": 0.004425418097525835, "_timestamp": 1714652289.3657026, "_runtime": 7125.409519672394, "_step": 599, "psnr": 29.875789642333984, "_wandb": {"runtime": 7133}}