{"loss": 0.20289653539657593, "_timestamp": 1715339181.9780462, "_runtime": 3128.735762119293, "_step": 199, "psnr": 8.97789478302002, "_wandb": {"runtime": 3139}}