{"loss": 0.0001851003908086568, "_timestamp": 1715330629.9402754, "_runtime": 234.7739143371582, "_step": 19999, "lr": 0.001, "_wandb": {"runtime": 286}}