{"loss": 0.006419186480343342, "_timestamp": 1715348627.141421, "_runtime": 3137.1214101314545, "_step": 199, "psnr": 26.76999855041504, "_wandb": {"runtime": 3147}}