{"loss": 0.10641196370124817, "_timestamp": 1715342336.0093937, "_runtime": 3133.247814655304, "_step": 199, "psnr": 9.900485038757324, "_wandb": {"runtime": 3143}}