{"loss": 0.07218514382839203, "_timestamp": 1715329751.339597, "_runtime": 3112.192080974579, "_step": 199, "psnr": 11.836804389953613, "_wandb": {"runtime": 3122}}