{"loss": 0.011268804781138897, "_timestamp": 1715373416.9066434, "_runtime": 3033.7373173236847, "_step": 199, "psnr": 23.804471969604492, "_wandb": {"runtime": 3043}}