{"loss": 0.013402077369391918, "_timestamp": 1715307427.3765647, "_runtime": 712.43323969841, "_step": 49, "psnr": 22.878585815429688, "_wandb": {"runtime": 1456}}