{"loss": 0.007495285011827946, "_timestamp": 1715370362.800813, "_runtime": 3029.8375420570374, "_step": 199, "psnr": 27.599071502685547, "_wandb": {"runtime": 3039}}