{"loss": 0.1758641004562378, "_timestamp": 1714638015.995718, "_runtime": 7151.649578094482, "_step": 599, "psnr": 11.23995590209961, "_wandb": {"runtime": 7159}}