{"loss": 0.0005601885495707393, "_timestamp": 1715334306.13619, "_runtime": 264.5804018974304, "_step": 19999, "lr": 5e-05, "_wandb": {"runtime": 335}}