{"loss": 0.10726293176412582, "_timestamp": 1715354904.1674728, "_runtime": 3129.423743724823, "_step": 199, "psnr": 9.979573249816895, "_wandb": {"runtime": 3140}}