{"loss": 0.069469153881073, "_timestamp": 1714659444.2381108, "_runtime": 7137.93076467514, "_step": 599, "psnr": 27.80462074279785, "_wandb": {"runtime": 7146}}