{"loss": 0.0003098945308011025, "_timestamp": 1715333974.6301098, "_runtime": 246.59813570976257, "_step": 19999, "lr": 0.0001, "_wandb": {"runtime": 306}}