{"loss": 0.5271767377853394, "_timestamp": 1714607727.9423177, "_runtime": 8.50004267692566, "_step": 1, "psnr": 3.903987169265747, "_wandb": {"runtime": 91}}