{"loss": 0.005295004695653915, "_timestamp": 1713657650.1015582, "_runtime": 582.0971412658691, "_step": 109, "psnr": 25.777629852294922}