{"loss": 0.03682972118258476, "_timestamp": 1714695608.6164727, "_runtime": 10.255724668502808, "_step": 199, "lr": 5e-05, "_wandb": {"runtime": 311}}