{"loss": 0.0005474829813465476, "_timestamp": 1715332841.4359672, "_runtime": 413.3569052219391, "_step": 19999, "lr": 5e-05, "_wandb": {"runtime": 484}}