{"loss": 0.020279332995414734, "_timestamp": 1713668752.500464, "_runtime": 23.83563494682312, "_step": 1, "psnr": 20.09353256225586, "_wandb": {"runtime": 23}}