{"loss": 0.2334049940109253, "_timestamp": 1714605306.4087405, "_runtime": 7.3468005657196045, "_step": 1, "psnr": 9.336363792419434, "_wandb": {"runtime": 77}}