{"loss": 0.0001859107578638941, "_timestamp": 1715332365.3756747, "_runtime": 235.7059907913208, "_step": 19999, "lr": 0.001, "_wandb": {"runtime": 287}}