{"loss": 0.31328219175338745, "_timestamp": 1714607396.6149244, "_runtime": 280.21978545188904, "_step": 3, "psnr": 8.088164329528809, "_wandb": {"runtime": 290}}