{"loss": 0.504280686378479, "_timestamp": 1714605279.926417, "_runtime": 276.0772910118103, "_step": 3, "psnr": 4.546131134033203, "_wandb": {"runtime": 286}}