{"loss": 0.0018978130538016558, "_timestamp": 1713674846.1079617, "_runtime": 5965.77880859375, "_step": 997, "psnr": 31.788558959960938, "_wandb": {"runtime": 7094}}