{"loss": 0.007125944830477238, "_timestamp": 1715367213.9522302, "_runtime": 2834.7325003147125, "_step": 197, "psnr": 26.123620986938477, "_wandb": {"runtime": 2939}}