{"loss": 0.12777377665042877, "_timestamp": 1715376452.164352, "_runtime": 3018.4189269542694, "_step": 199, "psnr": 11.945881843566895, "_wandb": {"runtime": 3028}}