{"loss": 0.515009880065918, "_timestamp": 1714595029.8553133, "_runtime": 7.186736345291138, "_step": 1, "psnr": 4.156823635101318, "_wandb": {"runtime": 18}}