{"loss": 0.37956690788269043, "_timestamp": 1714594979.1949532, "_runtime": 7.15470814704895, "_step": 1, "psnr": 5.648773193359375, "_wandb": {"runtime": 17}}