{"loss": 0.006557452492415905, "_timestamp": 1715364358.0285265, "_runtime": 3133.8966896533966, "_step": 199, "psnr": 26.712841033935547, "_wandb": {"runtime": 3144}}