{"loss": 0.0005485664587467909, "_timestamp": 1715331558.5223415, "_runtime": 420.2092773914337, "_step": 19999, "lr": 5e-05, "_wandb": {"runtime": 491}}