{"loss": 0.19131313264369965, "_timestamp": 1714441013.7546601, "_runtime": 12.14339017868042, "_step": 1, "psnr": 10.335358619689941, "_wandb": {"runtime": 21}}