{"loss": 0.0005471829208545387, "_timestamp": 1715330315.8926613, "_runtime": 410.3001244068146, "_step": 19999, "lr": 5e-05, "_wandb": {"runtime": 481}}