{"loss": 0.12627683579921722, "_timestamp": 1715379502.0643394, "_runtime": 3030.4915454387665, "_step": 199, "psnr": 22.44991111755371, "_wandb": {"runtime": 3040}}