{"loss": 0.0005625956691801548, "_timestamp": 1715326605.709583, "_runtime": 318.15468311309814, "_step": 19999, "lr": 5e-05, "_wandb": {"runtime": 393}}