{"loss": 0.07656604051589966, "_timestamp": 1715326620.1666126, "_runtime": 3133.5217266082764, "_step": 199, "psnr": 25.431123733520508, "_wandb": {"runtime": 3144}}