{"loss": 0.00017164423479698598, "_timestamp": 1715335332.7313128, "_runtime": 359.76459074020386, "_step": 19999, "lr": 0.001, "_wandb": {"runtime": 413}}