{"loss": 0.5241131782531738, "_timestamp": 1714628562.6755404, "_runtime": 8.174863338470459, "_step": 1, "psnr": 9.314180374145508, "_wandb": {"runtime": 102}}