{"loss": 0.0005625346675515175, "_timestamp": 1715329827.6091897, "_runtime": 265.59917974472046, "_step": 19999, "lr": 5e-05, "_wandb": {"runtime": 336}}