{"loss": 0.08042517304420471, "_timestamp": 1715345472.3110576, "_runtime": 3118.791538476944, "_step": 199, "psnr": 24.654605865478516, "_wandb": {"runtime": 3129}}