{"loss": 0.00018511043163016438, "_timestamp": 1715334619.6845155, "_runtime": 234.5620105266571, "_step": 19999, "lr": 0.001, "_wandb": {"runtime": 285}}