{"loss": 0.007785744499415159, "_timestamp": 1714645146.136118, "_runtime": 7113.272011041641, "_step": 599, "psnr": 26.2167911529541, "_wandb": {"runtime": 7121}}