{"loss": 0.009177781641483307, "_timestamp": 1715351757.4138403, "_runtime": 3113.223199367523, "_step": 199, "psnr": 24.098649978637695, "_wandb": {"runtime": 3123}}