{"loss": 0.2338012456893921, "_timestamp": 1714628697.5781775, "_runtime": 8.188095569610596, "_step": 1, "psnr": 9.315116882324219, "_wandb": {"runtime": 252}}