{"loss": 0.5225868821144104, "_timestamp": 1714594926.5222208, "_runtime": 36.169580936431885, "_step": 1, "psnr": 9.371155738830566, "_wandb": {"runtime": 47}}