{"loss": 0.0005486673908308148, "_timestamp": 1715333647.1652915, "_runtime": 413.6943905353546, "_step": 19999, "lr": 5e-05, "_wandb": {"runtime": 485}}