{"loss": 0.4369352459907532, "_timestamp": 1714607700.6208625, "_runtime": 285.3636543750763, "_step": 3, "psnr": 9.68110466003418, "_wandb": {"runtime": 290}}