{"loss": 0.31878674030303955, "_timestamp": 1714629942.369713, "_runtime": 287.15473794937134, "_step": 3, "psnr": 8.026741027832031, "_wandb": {"runtime": 297}}