{"loss": 0.009742853231728077, "_timestamp": 1715382536.1973805, "_runtime": 3009.23104262352, "_step": 199, "psnr": 23.89121437072754, "_wandb": {"runtime": 3019}}