{"loss": 0.5229209661483765, "_timestamp": 1714604920.9602103, "_runtime": 31.818764209747314, "_step": 1, "psnr": 9.358621597290039, "_wandb": {"runtime": 42}}