{"loss": 0.08547113090753555, "_timestamp": 1715385573.1737635, "_runtime": 3015.341302394867, "_step": 199, "psnr": 23.18963623046875, "_wandb": {"runtime": 3025}}