{"loss": 0.036831069737672806, "_timestamp": 1714694296.5529647, "_runtime": 20.581496715545654, "_step": 199, "lr": 5e-05, "_wandb": {"runtime": 674}}