{"loss": 0.007404499687254429, "_timestamp": 1715323459.557519, "_runtime": 3130.262053966522, "_step": 199, "psnr": 26.162960052490234, "_wandb": {"runtime": 3141}}