{"loss": 0.19479265809059143, "_timestamp": 1715317159.2288728, "_runtime": 3127.070429801941, "_step": 199, "psnr": 9.708745956420898, "_wandb": {"runtime": 3137}}