{"loss": 0.0005482766428031027, "_timestamp": 1715327869.6166096, "_runtime": 417.28243350982666, "_step": 19999, "lr": 5e-05, "_wandb": {"runtime": 488}}