{"loss": 0.0005480038817040622, "_timestamp": 1715332050.7294097, "_runtime": 412.64688777923584, "_step": 19999, "lr": 5e-05, "_wandb": {"runtime": 483}}