{"loss": 0.036734797060489655, "_timestamp": 1714694954.5979373, "_runtime": 118.37002325057983, "_step": 199, "lr": 0.0001, "_wandb": {"runtime": 419}}