{"loss": 0.08329364657402039, "_timestamp": 1715320310.7227185, "_runtime": 3132.656394481659, "_step": 199, "psnr": 10.955687522888184, "_wandb": {"runtime": 3143}}