{"loss": 0.38547590374946594, "_timestamp": 1714630279.690985, "_runtime": 6.515208959579468, "_step": 1, "psnr": 5.648773193359375, "_wandb": {"runtime": 396}}