{"loss": 0.0003120335750281811, "_timestamp": 1715333165.8706005, "_runtime": 246.23474550247192, "_step": 19999, "lr": 0.0001, "_wandb": {"runtime": 305}}