{"loss": 0.0001878695620689541, "_timestamp": 1715334912.534119, "_runtime": 232.24127984046936, "_step": 19999, "lr": 0.001, "_wandb": {"runtime": 283}}