{"loss": 0.37726733088493347, "_timestamp": 1714630253.9089851, "_runtime": 288.7580852508545, "_step": 3, "psnr": 9.357017517089844, "_wandb": {"runtime": 299}}