{"loss": 0.000192972831428051, "_timestamp": 1715335631.9941137, "_runtime": 233.32906365394592, "_step": 19999, "lr": 0.001, "_wandb": {"runtime": 284}}