{"loss": 0.0001720470900181681, "_timestamp": 1715328736.4710693, "_runtime": 363.0509743690491, "_step": 19999, "lr": 0.001, "_wandb": {"runtime": 415}}