{"loss": 0.0005620087031275034, "_timestamp": 1715335955.4539092, "_runtime": 264.2310371398926, "_step": 19999, "lr": 5e-05, "_wandb": {"runtime": 340}}