{"loss": 0.005682135466486216, "_timestamp": 1714666643.9724324, "_runtime": 7184.4400203228, "_step": 599, "psnr": 27.51728057861328, "_wandb": {"runtime": 7192}}