{"loss": 0.00031237711664289236, "_timestamp": 1715329495.196797, "_runtime": 246.68980598449707, "_step": 19999, "lr": 0.0001, "_wandb": {"runtime": 306}}