{"loss": 0.008448995649814606, "_timestamp": 1715361205.924582, "_runtime": 3129.8568410873413, "_step": 199, "psnr": 26.30141830444336, "_wandb": {"runtime": 3140}}