{"loss": 0.03683401644229889, "_timestamp": 1714696248.3395288, "_runtime": 10.107199907302856, "_step": 199, "lr": 5e-05, "_wandb": {"runtime": 312}}